<?xml version="1.0"?>
<initialize name="TriRotor Initial Conditions">

  <!-- Body velocities (start at rest) -->
  <ubody unit="FT/SEC">0.0</ubody>
  <vbody unit="FT/SEC">0.0</vbody>
  <wbody unit="FT/SEC">0.0</wbody>

  <!-- Level attitude -->
  <phi unit="DEG">0.0</phi>
  <theta unit="DEG">0.0</theta>
  <psi unit="DEG">0.0</psi>

  <!-- Zero angular rates -->
  <p unit="RAD/SEC">0.0</p>
  <q unit="RAD/SEC">0.0</q>
  <r unit="RAD/SEC">0.0</r>

  <!-- Slightly above ground so contact model doesn’t fight you -->
  <altitude unit="FT">0.3</altitude>

  <!-- === Hover thrusts from designTriRotor (F0_hover) === -->
  <!-- These are in Newtons, passed directly into the fcs properties -->
  <property name="fcs/rotor1-thrust">6.7080</property>
  <property name="fcs/rotor2-thrust">8.2850</property>
  <property name="fcs/rotor3-thrust">1.8802</property>

</initialize>
