<?xml version="1.0"?>
<fdm_config name="TriRotor"
            version="2.0"
            release="alpha"
            xmlns:xsi="http://www.w3.org/2001/XMLSchema-instance">

    <fileheader>
    <author>Soumyadeep/Tri-rotor LQR testbed</author>
    <description>
      Minimal JSBSim model for a tri-rotor UAV with arbitrary asymmetric
      rotor placement. Rotors are modeled as direct thrust forces; moments
      are computed using x,y positions and spin directions, matching the
      MATLAB mixer/control design.
    </description>
  </fileheader>

    <metrics>
      <location name="CG" unit="M">
      <x>0.0</x>
      <y>0.0</y>
      <z>0.0</z>
    </location>

    <wingarea unit="M2">0.01</wingarea>
    <wingspan unit="M">0.4</wingspan>
    <chord    unit="M">0.1</chord>

    <htailarea unit="M2">0.01</htailarea>
    <vtailarea unit="M2">0.01</vtailarea>
    <htailarm  unit="M">0.2</htailarm>
    <vtailarm  unit="M">0.2</vtailarm>
  </metrics>

     <mass_balance>
    <!-- Same inertia tensor as in MATLAB, in kg*m^2 -->
    <ixx unit="KG*M2">0.0149</ixx>
    <iyy unit="KG*M2">0.0167</iyy>
    <izz unit="KG*M2">0.0284</izz>
    <ixy unit="KG*M2">-0.0018</ixy>
    <ixz unit="KG*M2">0.0004</ixz>
    <iyz unit="KG*M2">-0.0002</iyz>

    <!-- Same mass as MATLAB, in kg -->
    <emptywt unit="KG">1.72</emptywt>

    <location name="CG" unit="M">
      <x>0.0</x>
      <y>0.0</y>
      <z>0.0</z>
    </location>
  </mass_balance>


  <atmosphere name="Atmosphere"/>
  <propagate name="Propagate"/>

<properties>
    <property name="fcs/rotor1-thrust" type="double">0</property>
    <property name="fcs/rotor2-thrust" type="double">0</property>
    <property name="fcs/rotor3-thrust" type="double">0</property>
</properties>


  <systems>
    <system file="trirotor_fcs.xml"/>
  </systems>



  <aerodynamics>
    <!-- Airflow is generated by the whoooshing of Ian's unique hairstyle. -->
  </aerodynamics>

  <!--
    We model rotor thrust as direct body-Z forces at the CG, and apply
    the equivalent roll/pitch/yaw moments using the same formulas as
    your mixer:

      τx = y_i f_i
      τy = -x_i f_i
      τz = s_i f_i

    Rotor thrust commands come from properties:
      fcs/rotor1-thrust, fcs/rotor2-thrust, fcs/rotor3-thrust   [Newtons]

    Coordinates (meters) and spins (±1) must match MATLAB mixer.
  -->

    <functions>

    <function name="x1">0.185</function>
    <function name="y1">0.125</function>

    <function name="x2">-0.160</function>
    <function name="y2">-0.150</function>

    <function name="x3">0.045</function>
    <function name="y3">0.215</function>

    <function name="s1">1.0</function>
    <function name="s2">-1.0</function>
    <function name="s3">1.0</function>

    <function name="f1">getprop("fcs/rotor1-thrust")</function>
<function name="f2">getprop("fcs/rotor2-thrust")</function>
<function name="f3">getprop("fcs/rotor3-thrust")</function>


    <function name="Fz_total">f1+f2+f3</function>

    <function name="Mx_total">y1*f1+y2*f2+y3*f3</function>
    <function name="My_total">-(x1*f1+x2*f2+x3*f3)</function>
    <function name="Mz_total">s1*f1+s2*f2+s3*f3</function>

  </functions>

    <!-- Rotor thrust & moments driven by /fcs/rotor*-thrust properties -->
  <propulsion name="rotors">

    <force name="TotalRotorThrust" frame="BODY">
      <fx>0</fx>
      <fy>0</fy>
      <!-- Downward thrust: negative body Z -->
      <fz>-Fz_total</fz>
    </force>

    <moment name="TotalRotorMoments" frame="BODY">
      <l>Mx_total</l>  <!-- roll -->
      <m>My_total</m>  <!-- pitch -->
      <n>Mz_total</n>  <!-- yaw -->
    </moment>

  </propulsion>

  <initial_conditions name="Trim">
    <vc-kts>0.0</vc-kts>
    <h-sl-ft>0.0</h-sl-ft>

    <phi-deg>0.0</phi-deg>
    <theta-deg>0.0</theta-deg>
    <psi-deg>0.0</psi-deg>

    <p-rad_sec>0.0</p-rad_sec>
    <q-rad_sec>0.0</q-rad_sec>
    <r-rad_sec>0.0</r-rad_sec>
  </initial_conditions>

  <!-- Minimal ground reactions so JSBSim will start -->
  <ground_reactions>

    <!-- Single virtual contact point at CG -->
    <contact type="BOGEY" name="main_gear">
      <location unit="M">
        <x>0.0</x>
        <y>0.0</y>
        <z>0.0</z>
      </location>

      <!-- Very stiff/simplified suspension just so it doesn't crash -->
      <spring_coeff unit="N/M">100000.0</spring_coeff>
      <damping_coeff unit="N/M/SEC">20000.0</damping_coeff>

      <!-- Friction (rough guesses, doesn’t matter much right now) -->
      <static_friction>0.8</static_friction>
      <dynamic_friction>0.6</dynamic_friction>

      <max_steer unit="DEG">0.0</max_steer>
    </contact>

  </ground_reactions>

    <output type="SOCKET" protocol="UDP" port="5501" rate="50" direction="out">
    <property>simulation/sim-time-sec</property>
    <property>velocities/p-rad_sec</property>
    <property>velocities/q-rad_sec</property>
    <property>velocities/r-rad_sec</property>
    <property>attitude/phi-rad</property>
    <property>attitude/theta-rad</property>
    <property>attitude/psi-rad</property>
    <property>fcs/rotor1-thrust</property>
    <property>fcs/rotor2-thrust</property>
    <property>fcs/rotor3-thrust</property>
  </output>

 <input type="SOCKET" protocol="TCP" port="5502">
      <property>fcs/rotor1-thrust</property>
      <property>fcs/rotor2-thrust</property>
      <property>fcs/rotor3-thrust</property>
      </input>




</fdm_config>